Black Mountain,21 August 2015
Curse of Naxxramas,20 June 2019
Goblines and gnomes,4 November 2016
Grand tournament,12 October 2018
Whispers of the old gods,6 May 2015
One night in Karazhan,22 January 2016
Mean streets of Gadgetzan,23 May 2018
Ungoro's exploring,27 August 2014
Knights of frozen throne,3 February 2015
Cobolds and catacombs,19 May 2019
Witchwood,30 March 2018
Boomsday project,10 June 2019
Rastakhan's rumble,30 December 2015
Rise of shadows,13 May 2018
Uldum's saviors,20 December 2016
