1,Zhuxaqu
2,Awochedoho
3,Kufizhivu
4,Noripa
5,Isedyxo
6,Ugoshyl
7,Ukalekyfa
8,Babashibur
9,Adakyha
10,Wecozixe
11,Upyjejizhe
12,Janithupu
13,Garebevy
14,Ychybyryjy
15,Ishazur
16,Ilithucaxe
17,Thobiqat
18,Duwefoh
19,Upyrag
20,Shecukin
21,Dyshicafu
22,Xyxezup
23,Acheshonop
24,Uwicygy
25,Quchekynik
26,Ejavyw
27,Ciqezhil
28,Akirukiju
29,Ofujel
30,Afathuwagi
31,Esashasho
32,Yqevegu
33,Zechovyta
34,Vuzipel
35,Ysimina
36,Ytijice
37,Ufocakyzu
38,Iqawazhov
39,Ezyqonoq
40,Pothego
41,Ysucekhi
42,Cuzichuvesh
43,Xipohe
44,Caxizhaw
45,Ukhykherile
46,Xaqoxuk
47,Atigasa
48,Gahomy
49,Hoxidu
50,Ocikiwobu
51,Sholenyr
52,Fynupi
53,Echavocydy
54,Umuchepothe
55,Echadyba
56,Tedesherav
57,Munoxoch
58,Ibyquma
59,Otharanes
60,Punype
61,Tawichi
62,Suliram
63,Shazhemezhy
64,Nythoxoro
65,Kizhogatar
66,Wymoje
67,Ozhedysuva
68,Ebekhyzhekho
69,Xehixazho
70,Ufythised
71,Avysuwa
72,Ejothuxi
73,Vyqothute
74,Rilimeli
75,Zypireky
76,Iruzhujoth
77,Azhupyzhewy
78,Olyqec
79,Thuhujybe
80,Chacuciwa
81,Ishybura
82,Ixatucha
83,Owyxane
84,Dezokhe
85,Getulucuq
86,Eriqare
87,Echohad
88,Zuquze
89,Ilujidej
90,Zezhugu
91,Khajejonac
92,Unybuwe
93,Qetekipozh
94,Gizezap
95,Shefuvyc
96,Xutazhosor
97,Upozhutu
98,Ushybatin
99,Pyzhobuz
100,Zaxefala
101,Inukyro
102,Cashabibed
103,Teraso
104,Inuciji
105,Ymythawa
106,Gyshidog
107,Atasishy
108,Emoran
109,Ychiros
110,Ekitup
111,Dalukhuzaf
112,Thopisov
113,Uchidamu
114,Wydakic
115,Zanoluzh
116,Iquhoca
117,Uqapazha
118,Yjysopan
119,Akhydehy
120,Dasydizhu
121,Azegodamo
122,Shykutevy
123,Ushuwyle
124,Baneqywet
125,Utuchotuchu
126,Ochothotan
127,Usutheruxe
128,Osihemin
129,Ojaqekhica
130,Ofuxat
131,Biwathopi
132,Ebahap
133,Waratibi
134,Ochyryzum
135,Zhashoryzi
136,Pythotho
137,Thedefy
138,Iwoshiv
139,Pakhycoki
140,Hozhiluc
141,Ohakothazha
142,Fokhapaq
143,Qazynyzhu
144,Ximuzahuch
145,Xekychiton
146,Yshahecoth
147,Zhynebytho
148,Yjezycat
149,Wosathecokh
150,Ityresho
151,Tykhochyh
152,Zofevymi
153,Badaqucow
154,Alodiwo
155,Esythoqan
156,Etysyqypu
157,Yfoxuhoba
158,Umarybazu
159,Yzhenuxesh
160,Xosico
161,Rychacith
162,Ycezhutu
163,Anasexi
164,Chohizhu
165,Ykhukhyh
166,Ywobibebu
167,Ybijati
168,Asityca
169,Shufuthe
170,Lysotahyl
171,Vuchupaw
172,Hanazune
173,Kydute
174,Devyzhe
175,Itithokhexy
176,Exicuhun
177,Ewyvoju
178,Acuqiqa
179,Apusakhum
180,Eqebekixi
181,Osynad
182,Sobyfab
183,Puzidytho
184,Eqelijofo
185,Shanolysh
186,Afuleke
187,Efosopis
188,Bomokoqax
189,Ywapyhy
190,Iwupashy
191,Kochabip
192,Eqacikhy
193,Yshukychovy
194,Hozhunuleth
195,Thatyshacir
196,Epuhothijo
197,Yranazhuch
198,Xoqedith
199,Oxefub
200,Tydyshithu
201,Qazhykha
202,Ajufudi
203,Ymyzhyfu
204,Betothisu
205,Qazhykhykhyv
206,Vovequzhuw
207,Civemyfu
208,Qefiticha
209,Ixuwix
210,Azhasizho
211,Uzhapyshythi
212,Ytyficho
213,Uletovic
214,Riluzuhe
215,Yxyjuke
216,Lychekipu
217,Esizhyguzhe
218,Acyxazuj
219,Ocyshoze
220,Ikhybedo
221,Taxixu
222,Harobimyth
223,Zushojob
224,Ujiqesh
225,Defoshitakh
226,Pisozhyk
227,Etezebifi
228,Xobyqo
229,Shykywethu
230,Sopaza
231,Rithechi
232,Uwaxoxyzu
233,Ymokolyno
234,Dugyvewew
235,Ithuzhutha
236,Ylulijy
237,Qohugat
238,Zhijeqowyj
239,Enanejozh
240,Wiweve
241,Tochapafyz
242,Gecevapym
243,Uthytaxe
244,Ikhytolo
245,Ywahidocy
246,Ydatopush
247,Khaveci
248,Nihozyhuv
249,Ixukhyzhu
250,Avixyver
251,Adizhusij
252,Vegilaq
253,Limysa
254,Ahyxine
255,Jexunike
256,Yshyjathilu
257,Eshiziwen
258,Yhudothos
259,Zhafylo
260,Umyhaqodo
261,Lethyry
262,Hecycanu
263,Ynothofa
264,Hafazuw
265,Fodocehy
266,Cokuxy
267,Iwivogoki
268,Wocholorup
269,Opathub
270,Egasikhozh
271,Oshybachy
272,Qochythax
273,Jotile
274,Ydulimy
275,Uvozoqeja
276,Zewodysi
277,Onykhehychi
278,Sefyci
279,Ifosutuga
280,Yshibefahi
281,Syshate
282,Tehalute
283,Uzhevucichy
284,Gothoto
285,Isotezop
286,Enakhyzu
287,Jichegekh
288,Ezhibosh
289,Nymememo
290,Thidunazh
291,Erizhanasho
292,Othychif
293,Xedizhivo
294,Yjochopet
295,Ybunez
296,Xagucy
297,Leshoxup
298,Exakinexu
299,Guvanyh
300,Wychytotu
301,Achegaqyzh
302,Iluvum
303,Uvugyshegi
304,Gyzhihabi
305,Nysesig
306,Uwathykh
307,Sarenito
308,Esebyshy
309,Komawy
310,Ogyfan
311,Oheshufyw
312,Pytuvi
313,Eminyd
314,Chowewy
315,Ripythuj
316,Azhibyx
317,Ylukicy
318,Chocepa
319,Asaqakh
320,Ozhefir
321,Idizyf
322,Ezekaj
323,Ylomiwoc
324,Ekavuthod
325,Satothuchat
326,Tabeti
327,Baqery
328,Esovaxe
329,Athichun
330,Hichekhiryd
331,Yhikhusuche
332,Xepechaseq
333,Kheshokhazhah
334,Xucesuth
335,Pizhulix
336,Igyrymiqe
337,Kemuxi
338,Ichazanux
339,Thynipidit
340,Enumosh
341,Ohowypi
342,Ygasixyfi
343,Elychuzh
344,Iculuwyqe
345,Fysyjyror
346,Ycikhyh
347,Exilaneqy
348,Decime
349,Ucenon
350,Olojufalo
351,Qunovyco
352,Pakhisesho
353,Haqozhyh
354,Papydi
355,Noqyrithosh
356,Umenene
357,Ysujoshyv
358,Tuchudyzh
359,Zhapozhulib
360,Uhethibu
361,Fywidaho
362,Wagupof
363,Ijazin
364,Irumythypa
365,Onijugul
366,Movogoxip
367,Shosethydy
368,Ywisheci
369,Golijo
370,Uhorejyk
371,Zulozoc
372,Tokhyxux
373,Pikivy
374,Tatila
375,Semijifi
376,Tyquto
377,Ixijyje
378,Veduqyj
379,Ycihizochi
380,Ripuxywe
381,Pitevathal
382,Etujekaf
383,Atycazumy
384,Viqisothu
385,Onecyth
386,Shewexoh
387,Hyqyryc
388,Ochezasath
389,Yqyjepev
390,Awochox
391,Khosecachut
392,Adojequsho
393,Ajysud
394,Azolythi
395,Osichiqyjo
396,Faryvy
397,Ikhavutam
398,Tuzanydy
399,Uzhomotyf
400,Niwoxethy
401,Xahocaby
402,Gakhetoti
403,Ohufyhekh
404,Vodujeju
405,Othajizaha
406,Kanifuchyl
407,Ebytuco
408,Uhupix
409,Gujaqa
410,Oheshohe
411,Ithuqyweg
412,Edacite
413,Tadysymel
414,Wuzheqe
415,Unigitha
416,Ezhasivic
417,Ytemoci
418,Zasyjyp
419,Ukiryshychu
420,Qycodupow
421,Odygushyje
422,Zuthekhes
423,Bovobaw
424,Oshythukhodi
425,Zhikashezov
426,Pyxokaf
427,Burachazh
428,Yjuzobakh
429,Opythubeh
430,Ebuvucu
431,Thukhohyqyj
432,Khakoli
433,Ukhythoky
434,Pareqogo
435,Oduhaw
436,Chowazhyzh
437,Uthokomom
438,Pishasan
439,Kheheruta
440,Imivogech
441,Khumodob
442,Uhajax
443,Sesebuz
444,Ezekunad
445,Ykhikexyp
446,Ytatikhove
447,Botakhi
448,Uxijikha
449,Dabocikh
450,Nexibi
451,Hutyshyquj
452,Arybapobi
453,Uworatom
454,Isaqaju
455,Azatavuqa
456,Boqovupy
457,Achathopole
458,Khajogobo
459,Aqikhaz
460,Jagyjedy
461,Pyvaxab
462,Bixyqicy
463,Nojywyfyx
464,Ebomyrumo
465,Mapaqox
466,Usethuhe
467,Buhobyw
468,Sinune
469,Shyjugish
470,Oluhymuxi
471,Ojinuche
472,Ydapoz
473,Ozeleh
474,Degajux
475,Fysesesash
476,Eqameq
477,Gygocen
478,Memeti
479,Nokymedo
480,Ocevekhiho
481,Ysyhol
482,Quwyrof
483,Ajenecokho
484,Mevyfiko
485,Xekezyxet
486,Bexesyb
487,Nubuhy
488,Tuvitur
489,Thyjupach
490,Achijyrachy
491,Ecyqezol
492,Cogirak
493,Cificocag
494,Gilunepy
495,Thokifat
496,Nichetod
497,Udanili
498,Rekubi
499,Ishazuxefe
500,Ecigevysh
501,Synyjago
502,Ethusen
503,Sikify
504,Ufyxequz
505,Futurupo
506,Apidebiw
507,Orepaly
508,Pykytihyj
509,Oteqeb
510,Theqyhyti
511,Ykowuv
512,Ybychowa
513,Ynizhubis
514,Uchykhuchy
515,Jechequf
516,Juwyla
517,Ynogahus
518,Shashodytex
519,Buveko
520,Zoloja
521,Zhushepybig
522,Ekhomuf
523,Uzoseqo
524,Ybulezh
525,Foshosy
526,Inuqikhu
527,Mycegimip
528,Ovyxakh
529,Ijiwuch
530,Thenekan
531,Opadid
532,Ufamesefe
533,Jekamethi
534,Ahishigaji
535,Ycixiwishu
536,Xiduzi
537,Wezeshu
538,Evacaze
539,Cyjume
540,Othakathu
541,Ogusupyf
542,Upochoq
543,Fipuwy
544,Ythacufu
545,Rochefythoch
546,Osuchuh
547,Ishyjufe
548,Xuthyzoka
549,Ifagych
550,Egicothuk
551,Efodeno
552,Xatypopir
553,Avopezyv
554,Ahatylaz
555,Ikotizotho
556,Wasygojag
557,Pehopo
558,Rozemu
559,Thafihed
560,Qyjukhuch
561,Shyxexathakh
562,Ochigithum
563,Fykhacich
564,Wutachat
565,Agesoz
566,Nysithyg
567,Hyzonu
568,Ichichekhote
569,Ochamebeshu
570,Qiduthipyj
571,Rofukhijef
572,Tithaty
573,Agaqeth
574,Ujucoma
575,Cejazy
576,Tumapy
577,Ojipevyw
578,Obiqaxajo
579,Elamujiw
580,Vidopek
581,Aleweza
582,Meteceshug
583,Uzholox
584,Obexeth
585,Pupozakho
586,Aboshas
587,Uqazhuz
588,Ishefase
589,Azuqikary
590,Bychowy
591,Zhavikhemov
592,Ikoshusumy
593,Otocheni
594,Ledyvyg
595,Jofevolazh
596,Thomakhoj
597,Zhewihyt
598,Exawavone
599,Yrynaw
600,Ijejechixu
601,Gamishe
602,Elyjiw
603,Ucelykhus
604,Qiwefiw
605,Iluzobagi
606,Atokhechoty
607,Ylivalil
608,Ovazhamup
609,Tysycovoz
610,Arorithikh
611,Ythexehowy
612,Usuzhalic
613,Ycilul
614,Zyfitha
615,Ofyfizy
616,Bilagywax
617,Ecomulyth
618,Afozojame
619,Ekyshokap
620,Ilechuvyzh
621,Chychekhot
622,Ozhuxuxudo
623,Yzhajushu
624,Jizuwazhad
625,Afizhothoc
626,Qirydipah
627,Thythezhap
628,Tynadyb
629,Ereruse
630,Atudedivi
631,Dirithen
632,Masyzhyne
633,Axechoqem
634,Shuziga
635,Fukhacorak
636,Zhekhyzhexic
637,Zuceke
638,Rishucos
639,Eshyciba
640,Etythysyd
641,Yvicokumi
642,Ithechija
643,Chaguqiv
644,Ywaxafyd
645,Jythozoq
646,Ogichishat
647,Liwekhukup
648,Chibefez
649,Ocizhuqybi
650,Zazhelerup
651,Hiqolethuq
652,Isedejubu
653,Bizhuhity
654,Yqyshynumo
655,Xowono
656,Beqyzo
657,Uvygymopa
658,Qubakha
659,Ywyshewi
660,Sacyfixu
661,Sitimodis
662,Vycigo
663,Athochoqeho
664,Thusushoj
665,Uthigykh
666,Vowumiwo
667,Isequdi
668,Imezyfiqu
669,Niluxo
670,Wechylech
671,Olamysu
672,Imuthylev
673,Khypepach
674,Isaxahud
675,Dopawuthe
676,Enyhicho
677,Iqufysi
678,Qaduxiza
679,Ukhixizhikhe
680,Khypocithoq
681,Erovug
682,Ezynyf
683,Ybufeku
684,Sybuleth
685,Khysugyq
686,Khamuqegykh
687,Okosebul
688,Nihufyn
689,Upazheleco
690,Chivigow
691,Uwuqiqa
692,Yjuduqu
693,Humizehi
694,Polisihi
695,Ocojupave
696,Sinykhizha
697,Ymiwezha
698,Vuxytheme
699,Ymagoceth
700,Ejashezi
701,Isizovufu
702,Ixaqac
703,Ehypogy
704,Zhocyvut
705,Eshybeh
706,Ezhysyv
707,Hachohysh
708,Vyshecevy
709,Uthakyta
710,Jotuxubuq
711,Petefux
712,Itithim
713,Efupug
714,Xylokhiq
715,Kacheba
716,Tiricowis
717,Ozhewasep
718,Obymyk
719,Shygafawi
720,Enejoce
721,Ihuzuf
722,Ogymefe
723,Qoxusu
724,Fifunugyzh
725,Egexize
726,Xyxothy
727,Aryjavu
728,Ajuthyfeha
729,Jyfola
730,Ycherygezhu
731,Baciqumil
732,Izukhonut
733,Ylazyjih
734,Ukofezude
735,Exedyriru
736,Dekhaki
737,Ethacechit
738,Ejucuv
739,Maqachyn
740,Xyryfeje
741,Ihakhusygu
742,Othecaru
743,Uzuzhacho
744,Ymithikhano
745,Zhashiny
746,Vuqahira
747,Bawakhethi
748,Zokhoqi
749,Uqotheg
750,Vutheshosha
751,Julywow
752,Ehokhih
753,Ykovyqol
754,Joqehyr
755,Uxolov
756,Ivityk
757,Sherohi
758,Faruxebob
759,Dathyzoba
760,Yzexizuxi
761,Enotevu
762,Acatuzecu
763,Yjejuqa
764,Dywozot
765,Sejikusaz
766,Nitape
767,Kufixixych
768,Vymithew
769,Jynowiz
770,Odukhushac
771,Ikhecazab
772,Cofesikhom
773,Ucyrujycha
774,Sholase
775,Hejokhofesh
776,Pythalokh
777,Gixekyg
778,Ashizhiwi
779,Obejyly
780,Obegiroby
781,Qylukhoj
782,Ozuqywoxa
783,Ysakhuzh
784,Ysyzenu
785,Pechohim
786,Thymojyw
787,Thucetixozh
788,Egipyl
789,Xazokho
790,Ebovenah
791,Opirakiqi
792,Firuvozhek
793,Arigych
794,Syruxije
795,Acychur
796,Cidivezh
797,Yjipyxivi
798,Yhazata
799,Shojitaqug
800,Obazeryb
801,Deshushotu
802,Jamoqoca
803,Ituthyn
804,Osherimucha
805,Shozhyweshu
806,Ijotufoshe
807,Ecikusuthi
808,Pacody
809,Cyvinahe
810,Ubiqavuc
811,Ficygi
812,Uvemef
813,Ukebakhykh
814,Sekhowezha
815,Ykhutikhi
816,Tafizhifi
817,Achusis
818,Huryja
819,Ozubajojo
820,Fomiqadyr
821,Wishakan
822,Damozhipuzh
823,Lolabi
824,Thiwalu
825,Tekyla
826,Vuposod
827,Qadidy
828,Repisha
829,Axezhevu
830,Zacocakh
831,Futiqa
832,Ejoshechoca
833,Jotenewi
834,Uchyqiqo
835,Upijybesh
836,Khybuchi
837,Khydylechyn
838,Ashusukhy
839,Jykhekhysa
840,Thoxithypa
841,Shipuqe
842,Uwowuz
843,Iwokhocop
844,Osohuz
845,Pymisa
846,Eponepi
847,Itushach
848,Unehumej
849,Ukipaz
850,Nynoze
851,Vadynujez
852,Hatasufa
853,Qedumuvap
854,Wumulan
855,Chibezhetash
856,Izigodisu
857,Suloqozozh
858,Uxamuza
859,Jiqygethu
860,Adefekhobe
861,Ybupithu
862,Atefaqyna
863,Uwyquc
864,Kikigi
865,Iwukepakh
866,Jukhykahy
867,Cushimeno
868,Cogogaqa
869,Owerozha
870,Dinahythu
871,Thyfyshixep
872,Uxarakh
873,Osodubopy
874,Etagejar
875,Okizhoqig
876,Okalurozha
877,Qitholu
878,Ezhobaqy
879,Odypoliwu
880,Foxaxepe
881,Thachypary
882,Dorubyba
883,Ejupita
884,Ubygupyj
885,Ocopakh
886,Oqujylychi
887,Chabegy
888,Ihawifodu
889,Chithihypi
890,Ushuvolyj
891,Gyzhanemy
892,Onutycyke
893,Alenuzi
894,Tucygilo
895,Equpow
896,Guxochozhym
897,Tapebashu
898,Kulozhythef
899,Imuzhuca
900,Luhyfosy
901,Jufaqiv
902,Qavaqubyt
903,Yzhojath
904,Boqosi
905,Avilezi
906,Isypuxi
907,Hocetocyq
908,Chipyhet
909,Othezhuxyb
910,Mypobyn
911,Elamat
912,Gyzohot
913,Usithyhe
914,Oshokhyjyt
915,Qukywish
916,Ysulozhyv
917,Ryponufe
918,Iqajoj
919,Bihuchuvab
920,Hikheshaw
921,Dudywawur
922,Qurixomud
923,Zhuwyni
924,Epybozh
925,Ymuqazhopa
926,Qyguja
927,Uwocago
928,Afibefydy
929,Dedizhuzh
930,Azhusixiv
931,Ybifyj
932,Apisegabu
933,Itazathuvy
934,Iketheshyl
935,Ynybijify
936,Bulilykha
937,Cixoqyc
938,Roweshyg
939,Yjetivyza
940,Qazonuqy
941,Otujyzoshe
942,Cuboshethoj
943,Ekachesa
944,Asekhife
945,Cokhykuho
946,Zatyxi
947,Cututad
948,Vylozokh
949,Ujelamugo
950,Ilitivu
951,Kudelirut
952,Othebezh
953,Dorahuzher
954,Jymyfil
955,Uhyshuro
956,Ylotheshube
957,Hakhegugu
958,Ozamef
959,Omyfugaq
960,Ladenyv
961,Ithynichic
962,Awothamupu
963,Ixapuni
964,Ukufizity
965,Hechakhuzhaq
966,Thidopyn
967,Yjevuw
968,Iguthagyh
969,Kimuje
970,Aqeshazo
971,Pikilisyb
972,Ocobucych
973,Ymytudo
974,Yguthugepe
975,Pozhiqawu
976,Ygithukamu
977,Chujufa
978,Ucashevache
979,Jekesapew
980,Ozefilapo
981,Ejagebixo
982,Uthucafyr
983,Eshexox
984,Xutuhu
985,Ozecheje
986,Mokalekhosh
987,Zhyfyrykh
988,Ezifesh
989,Shaguhe
990,Ecakekaxy
991,Yjivobe
992,Yvusyfu
993,Igethiqyqi
994,Xikhunito
995,Othuxife
996,Jyfise
997,Muzhyduxizh
998,Ojivyziru
999,Hewufy
1000,Urusucab
